gene_id	Preferred_name	Description	OG_id	celegans	TPM	is_legit_homolog	has_te_domains
file_1_file_1_g12	NA	NA	OG0008072	Y79H2A.1a.1	436.010986	TRUE	FALSE
file_1_file_1_g3605	ACTB	Belongs to the actin family	OG0000028	M03F4.2a.1, T04C12.4.3, T04C12.5.1, T04C12.6.1, T25C8.2.1	266.662994	TRUE	FALSE
file_1_file_1_g827	NA	NA	OG0006666	Y55B1AR.2b.1	42.780586	TRUE	FALSE
file_1_file_1_g14	MRE11A	Belongs to the MRE11 RAD32 family	OG0003033	ZC302.1.2	25.645155	TRUE	FALSE
file_1_file_1_g13	AMDHD1	imidazolonepropionase activity	OG0003466	T12A2.1.1	22.166056	TRUE	FALSE
file_1_file_1_g9188	-	Aldo/keto reductase family	OG0001657	F53F1.2.1, F53F1.3.1	8.483492	TRUE	FALSE
file_1_file_1_g9869	GIT2	Spa2 homology domain (SHD) of GIT	OG0000817	F14F3.2.1, T25C12.3.1	2.295379	TRUE	FALSE
file_1_file_1_g9871	GIT2	Spa2 homology domain (SHD) of GIT	OG0000817	F14F3.2.1, T25C12.3.1	2.15833	TRUE	FALSE
file_1_file_1_g9872	GIT2	Spa2 homology domain (SHD) of GIT	OG0000817	F14F3.2.1, T25C12.3.1	2.125232	TRUE	FALSE
file_1_file_1_g9870	GIT2	Spa2 homology domain (SHD) of GIT	OG0000817	F14F3.2.1, T25C12.3.1	2.080019	TRUE	FALSE
file_1_file_1_g9203	NA	NA	OG0003429	NA	2.016797	TRUE	FALSE
file_1_file_1_g9873	GIT2	Spa2 homology domain (SHD) of GIT	OG0000817	F14F3.2.1, T25C12.3.1	1.740296	TRUE	FALSE
file_1_file_1_g9874	GIT2	Spa2 homology domain (SHD) of GIT	OG0000817	F14F3.2.1, T25C12.3.1	0.767259	TRUE	FALSE
file_1_file_1_g8291	NA	NA	OG0006590	B0545.4.1, C10A4.1.1, C53D6.6.2, K09A11.1.1	0.761879	TRUE	FALSE
file_1_file_1_g1666	NA	NA	OG0003429	NA	0.281584	TRUE	FALSE
file_1_file_1_g10864	SETMAR	SET domain and mariner transposase fusion gene	OG0000282	F49E2.5l.2	0.22332	TRUE	TRUE
file_1_file_1_g9923	SETMAR	SET domain and mariner transposase fusion gene	OG0000282	F49E2.5l.2	0.22332	TRUE	TRUE
file_1_file_1_g3585	NA	NA	OG0000190	K02E2.6.3	0.213862	TRUE	FALSE
file_1_file_1_g6327	NA	NA	OG0000356	Y20F4.8.1	0.119865	TRUE	FALSE
file_1_file_1_g3584	-	K02A2.6-like	OG0000190	K02E2.6.3	0.097699	TRUE	TRUE
file_1_file_1_g9933	-	Integrase core domain	OG0001286	NA	0.048678	TRUE	TRUE
file_1_file_1_g7259	-	-	OG0001947	K09F6.9.1, Y57G11C.20.1	0.037146	TRUE	FALSE
file_1_file_1_g7266	-	-	OG0001947	K09F6.9.1, Y57G11C.20.1	0.037146	TRUE	FALSE
file_1_file_1_g9934	NA	NA	OG0001286	NA	0.033432	TRUE	FALSE
file_1_file_1_g2533	NA	NA	OG0000356	Y20F4.8.1	0.015877	TRUE	TRUE
file_1_file_1_g3591	-	histone H3	OG0000012	B0035.10.1, E03A3.3.1, E03A3.4.1, F07B7.5.1, F08G2.3.1, F17E9.10.1, F22B3.2.1, F45E1.6.1, F45F2.13.1, F54E12.1.1, F55G1.2.1, K03A1.1.1, K06C4.13.1, K06C4.5.1, T10C6.13.1, W05B10.1.1, W09H1.2.1, ZK131.2.1, ZK131.3.1, ZK131.7.1	0.008336	TRUE	FALSE
file_1_file_1_g3599	-	histone H3	OG0000012	B0035.10.1, E03A3.3.1, E03A3.4.1, F07B7.5.1, F08G2.3.1, F17E9.10.1, F22B3.2.1, F45E1.6.1, F45F2.13.1, F54E12.1.1, F55G1.2.1, K03A1.1.1, K06C4.13.1, K06C4.5.1, T10C6.13.1, W05B10.1.1, W09H1.2.1, ZK131.2.1, ZK131.3.1, ZK131.7.1	0.008336	TRUE	FALSE
file_1_file_1_g2528	NA	NA	OG0001286	NA	0.008085	TRUE	FALSE
file_1_file_1_g10840	-	oxidation-reduction process	OG0008245	F54H12.2.1	0.006533	TRUE	FALSE
file_1_file_1_g2	NA	NA	OG0003429	NA	0.004884	TRUE	FALSE
file_1_file_1_g4	NA	NA	OG0003429	NA	0.004884	TRUE	FALSE
file_1_file_1_g6	NA	NA	OG0003429	NA	0.004884	TRUE	FALSE
file_1_file_1_g9922	NA	NA	OG0003429	NA	0.004884	TRUE	FALSE
file_1_file_1_g3592	-	histone H3	OG0000012	B0035.10.1, E03A3.3.1, E03A3.4.1, F07B7.5.1, F08G2.3.1, F17E9.10.1, F22B3.2.1, F45E1.6.1, F45F2.13.1, F54E12.1.1, F55G1.2.1, K03A1.1.1, K06C4.13.1, K06C4.5.1, T10C6.13.1, W05B10.1.1, W09H1.2.1, ZK131.2.1, ZK131.3.1, ZK131.7.1	0.004168	TRUE	FALSE
file_1_file_1_g3595	-	histone H3	OG0000012	B0035.10.1, E03A3.3.1, E03A3.4.1, F07B7.5.1, F08G2.3.1, F17E9.10.1, F22B3.2.1, F45E1.6.1, F45F2.13.1, F54E12.1.1, F55G1.2.1, K03A1.1.1, K06C4.13.1, K06C4.5.1, T10C6.13.1, W05B10.1.1, W09H1.2.1, ZK131.2.1, ZK131.3.1, ZK131.7.1	0.004168	TRUE	FALSE
file_1_file_1_g2530	-	-	OG0001006	F23C8.3b.1	0.003849	TRUE	FALSE
file_1_file_1_g2527	-	Chromatin organization modifier domain	OG0001286	NA	0.003846	TRUE	TRUE
file_1_file_1_g9927	NA	NA	OG0000356	Y20F4.8.1	0.002484	TRUE	TRUE
file_1_file_1_g9877	NA	NA	OG0000356	Y20F4.8.1	0.001484	TRUE	TRUE
file_1_file_1_g9938	-	oxidation-reduction process	OG0008245	F54H12.2.1	0.001228	TRUE	FALSE
file_1_file_1_g10842	-	-	OG0001947	K09F6.9.1, Y57G11C.20.1	0	TRUE	FALSE
file_1_file_1_g10850	-	retrotransposable element Tf2 155 kDa protein type 1-like	OG0002782	NA	0	TRUE	TRUE
file_1_file_1_g11929	-	transposition	OG0002782	NA	0	TRUE	TRUE
file_1_file_1_g11930	NA	NA	OG0002782	NA	0	TRUE	TRUE
file_1_file_1_g11931	NA	NA	OG0000749	Y113G7B.12.1	0	TRUE	FALSE
file_1_file_1_g2523	-	-	OG0001947	K09F6.9.1, Y57G11C.20.1	0	TRUE	FALSE
file_1_file_1_g2526	-	Chromatin organization modifier domain	OG0001286	NA	0	TRUE	TRUE
file_1_file_1_g2529	-	response to salt stress	OG0001947	K09F6.9.1, Y57G11C.20.1	0	TRUE	FALSE
file_1_file_1_g3589	-	histone H3	OG0000012	B0035.10.1, E03A3.3.1, E03A3.4.1, F07B7.5.1, F08G2.3.1, F17E9.10.1, F22B3.2.1, F45E1.6.1, F45F2.13.1, F54E12.1.1, F55G1.2.1, K03A1.1.1, K06C4.13.1, K06C4.5.1, T10C6.13.1, W05B10.1.1, W09H1.2.1, ZK131.2.1, ZK131.3.1, ZK131.7.1	0	TRUE	FALSE
file_1_file_1_g3601	-	histone H3	OG0000012	B0035.10.1, E03A3.3.1, E03A3.4.1, F07B7.5.1, F08G2.3.1, F17E9.10.1, F22B3.2.1, F45E1.6.1, F45F2.13.1, F54E12.1.1, F55G1.2.1, K03A1.1.1, K06C4.13.1, K06C4.5.1, T10C6.13.1, W05B10.1.1, W09H1.2.1, ZK131.2.1, ZK131.3.1, ZK131.7.1	0	TRUE	FALSE
file_1_file_1_g3602	-	histone H3	OG0000012	B0035.10.1, E03A3.3.1, E03A3.4.1, F07B7.5.1, F08G2.3.1, F17E9.10.1, F22B3.2.1, F45E1.6.1, F45F2.13.1, F54E12.1.1, F55G1.2.1, K03A1.1.1, K06C4.13.1, K06C4.5.1, T10C6.13.1, W05B10.1.1, W09H1.2.1, ZK131.2.1, ZK131.3.1, ZK131.7.1	0	TRUE	FALSE
file_1_file_1_g4367	NA	NA	OG0005394	T26G10.4.1	0	TRUE	FALSE
file_1_file_1_g5281	NA	NA	OG0000749	Y113G7B.12.1	0	TRUE	FALSE
file_1_file_1_g6324	NA	NA	OG0000356	Y20F4.8.1	0	TRUE	FALSE
file_1_file_1_g6328	-	oxidation-reduction process	OG0008245	F54H12.2.1	0	TRUE	FALSE
file_1_file_1_g6330	-	-	OG0001947	K09F6.9.1, Y57G11C.20.1	0	TRUE	FALSE
file_1_file_1_g7242	NA	NA	OG0012129	R02D3.7.1	0	TRUE	TRUE
file_1_file_1_g7243	NA	NA	OG0012129	R02D3.7.1	0	TRUE	TRUE
file_1_file_1_g7257	-	oxidation-reduction process	OG0008245	F54H12.2.1	0	TRUE	FALSE
file_1_file_1_g7264	-	oxidation-reduction process	OG0008245	F54H12.2.1	0	TRUE	FALSE
file_1_file_1_g9178	NA	NA	OG0000749	Y113G7B.12.1	0	TRUE	FALSE
file_1_file_1_g9181	NA	NA	OG0000749	Y113G7B.12.1	0	TRUE	FALSE
file_1_file_1_g9186	NA	NA	OG0003429	NA	0	TRUE	FALSE
file_1_file_1_g9936	-	-	OG0001947	K09F6.9.1, Y57G11C.20.1	0	TRUE	FALSE
file_1_file_1_g826	NA	NA	OG0031955	NA	79.35968	FALSE	FALSE
file_1_file_1_g10846	NA	NA	OG0008317	NA	3.052576	FALSE	FALSE
file_1_file_1_g7241	NA	NA	OG0016977	NA	2.25656	FALSE	FALSE
file_1_file_1_g7262	NA	NA	OG0008317	NA	1.957915	FALSE	FALSE
file_1_file_1_g7269	NA	NA	OG0008317	NA	1.957915	FALSE	FALSE
file_1_file_1_g10848	NA	NA	OG0010278	NA	0.853308	FALSE	FALSE
file_1_file_1_g10849	NA	NA	OG0010278	NA	0.764916	FALSE	FALSE
file_1_file_1_g10867	NA	NA	OG0031328	NA	0.522678	FALSE	FALSE
file_1_file_1_g3594	-	Histone H4	OG0010247	NA	0.396793	FALSE	FALSE
file_1_file_1_g9918	NA	NA	OG0005446	NA	0.388054	FALSE	FALSE
file_1_file_1_g6337	NA	NA	OG0008317	NA	0.364131	FALSE	FALSE
file_1_file_1_g9894	NA	NA	OG0016943	NA	0.329531	FALSE	FALSE
file_1_file_1_g1667	NA	NA	OG0016967	NA	0.319167	FALSE	FALSE
file_1_file_1_g9906	NA	NA	OG0031080	NA	0.313937	FALSE	FALSE
file_1_file_1_g9880	NA	NA	OG0001960	NA	0.313103	FALSE	FALSE
file_1_file_1_g9898	NA	NA	OG0031078	NA	0.285648	FALSE	FALSE
file_1_file_1_g11939	NA	NA	OG0009513	NA	0.274321	FALSE	FALSE
file_1_file_1_g1	NA	NA	OG0009513	NA	0.232752	FALSE	FALSE
file_1_file_1_g3	NA	NA	OG0009513	NA	0.232752	FALSE	FALSE
file_1_file_1_g5	NA	NA	OG0009513	NA	0.232752	FALSE	FALSE
file_1_file_1_g9921	NA	NA	OG0009513	NA	0.232752	FALSE	FALSE
file_1_file_1_g9193	NA	NA	OG0009513	NA	0.211959	FALSE	FALSE
file_1_file_1_g9187	NA	NA	OG0016967	NA	0.197186	FALSE	FALSE
file_1_file_1_g9903	H3F3C	Histone H3	OG0016946	NA	0.18797	FALSE	FALSE
file_1_file_1_g5276	NA	NA	OG0016955	NA	0.154241	FALSE	FALSE
file_1_file_1_g5278	NA	NA	OG0016955	NA	0.154241	FALSE	FALSE
file_1_file_1_g1665	NA	NA	OG0016966	NA	0.152542	FALSE	FALSE
file_1_file_1_g11941	NA	NA	OG0002781	NA	0.143772	FALSE	FALSE
file_1_file_1_g9908	NA	NA	OG0005446	NA	0.131519	FALSE	FALSE
file_1_file_1_g9185	NA	NA	OG0016966	NA	0.125311	FALSE	FALSE
file_1_file_1_g9901	NA	NA	OG0016942	NA	0.102518	FALSE	FALSE
file_1_file_1_g9904	NA	NA	OG0031079	NA	0.101947	FALSE	FALSE
file_1_file_1_g9899	NA	NA	OG0008312	NA	0.095981	FALSE	FALSE
file_1_file_1_g8289	NA	NA	OG0008312	NA	0.088529	FALSE	FALSE
file_1_file_1_g3598	-	Histone H4	OG0010247	NA	0.085914	FALSE	FALSE
file_1_file_1_g4368	-	protein dimerization activity	OG0005446	NA	0.075205	FALSE	FALSE
file_1_file_1_g9	NA	NA	OG0001138	NA	0.074216	FALSE	FALSE
file_1_file_1_g10859	NA	NA	OG0016961	NA	0.073026	FALSE	FALSE
file_1_file_1_g11940	NA	NA	OG0002781	NA	0.07116	FALSE	FALSE
file_1_file_1_g9893	NA	NA	OG0002781	NA	0.055796	FALSE	FALSE
file_1_file_1_g9184	NA	NA	OG0009513	NA	0.055322	FALSE	FALSE
file_1_file_1_g11933	NA	NA	OG0002781	NA	0.054926	FALSE	FALSE
file_1_file_1_g10880	NA	NA	OG0001138	NA	0.05465	FALSE	FALSE
file_1_file_1_g10881	NA	NA	OG0001138	NA	0.05465	FALSE	FALSE
file_1_file_1_g10882	NA	NA	OG0001138	NA	0.05465	FALSE	FALSE
file_1_file_1_g10883	NA	NA	OG0001138	NA	0.05465	FALSE	FALSE
file_1_file_1_g9888	NA	NA	OG0002781	NA	0.052265	FALSE	FALSE
file_1_file_1_g9895	NA	NA	OG0002781	NA	0.046732	FALSE	FALSE
file_1_file_1_g9896	NA	NA	OG0002781	NA	0.046707	FALSE	FALSE
file_1_file_1_g9907	NA	NA	OG0002781	NA	0.045103	FALSE	FALSE
file_1_file_1_g11937	NA	NA	OG0005446	NA	0.043563	FALSE	FALSE
file_1_file_1_g810	NA	NA	OG0000254	NA	0.035465000000000003	FALSE	FALSE
file_1_file_1_g10879	NA	NA	OG0000254	NA	0.033323	FALSE	FALSE
file_1_file_1_g11925	NA	NA	OG0031435	NA	0.032598	FALSE	FALSE
file_1_file_1_g10837	NA	NA	OG0001138	NA	0.030156	FALSE	FALSE
file_1_file_1_g6326	NA	NA	OG0000254	NA	0.027696	FALSE	FALSE
file_1_file_1_g1664	NA	NA	OG0011069	NA	0.024816	FALSE	FALSE
file_1_file_1_g9909	NA	NA	OG0008312	NA	0.02431	FALSE	FALSE
file_1_file_1_g10862	NA	NA	OG0000254	NA	0.021648	FALSE	FALSE
file_1_file_1_g11936	NA	NA	OG0005446	NA	0.020006	FALSE	FALSE
file_1_file_1_g11935	NA	NA	OG0005446	NA	0.01956	FALSE	FALSE
file_1_file_1_g11934	NA	NA	OG0005446	NA	0.017784	FALSE	FALSE
file_1_file_1_g2493	NA	NA	OG0000254	NA	0.017373	FALSE	FALSE
file_1_file_1_g2494	NA	NA	OG0000254	NA	0.017373	FALSE	FALSE
file_1_file_1_g11942	NA	NA	OG0012327	NA	0.015173	FALSE	FALSE
file_1_file_1_g9189	NA	NA	OG0012327	NA	0.00667	FALSE	FALSE
file_1_file_1_g1663	NA	NA	OG0012327	NA	0.006111	FALSE	FALSE
file_1_file_1_g10836	NA	NA	OG0001138	NA	0.006036	FALSE	FALSE
file_1_file_1_g11932	NA	NA	OG0012327	NA	0.005936	FALSE	FALSE
file_1_file_1_g10851	NA	NA	OG0010278	NA	0	FALSE	FALSE
file_1_file_1_g10852	NA	NA	OG0010278	NA	0	FALSE	FALSE
file_1_file_1_g10853	NA	NA	OG0010278	NA	0	FALSE	FALSE
file_1_file_1_g10855	NA	NA	OG0031327	NA	0	FALSE	FALSE
file_1_file_1_g10857	NA	NA	OG0016945	NA	0	FALSE	FALSE
file_1_file_1_g10858	NA	NA	OG0016949	NA	0	FALSE	FALSE
file_1_file_1_g10861	NA	NA	OG0000254	NA	0	FALSE	FALSE
file_1_file_1_g10863	NA	NA	OG0001138	NA	0	FALSE	FALSE
file_1_file_1_g10865	NA	NA	OG0000254	NA	0	FALSE	FALSE
file_1_file_1_g10868	NA	NA	OG0031329	NA	0	FALSE	FALSE
file_1_file_1_g10869	NA	NA	OG0001138	NA	0	FALSE	FALSE
file_1_file_1_g10871	NA	NA	OG0000254	NA	0	FALSE	FALSE
file_1_file_1_g10877	NA	NA	OG0001138	NA	0	FALSE	FALSE
file_1_file_1_g10878	NA	NA	OG0000254	NA	0	FALSE	FALSE
file_1_file_1_g11938	NA	NA	OG0016947	NA	0	FALSE	FALSE
file_1_file_1_g1669	NA	NA	OG0013962	NA	0	FALSE	FALSE
file_1_file_1_g1670	NA	NA	OG0013962	NA	0	FALSE	FALSE
file_1_file_1_g2495	NA	NA	OG0000254	NA	0	FALSE	FALSE
file_1_file_1_g2496	NA	NA	OG0009530	NA	0	FALSE	FALSE
file_1_file_1_g2500	NA	NA	OG0009530	NA	0	FALSE	FALSE
file_1_file_1_g2501	NA	NA	OG0013947	NA	0	FALSE	FALSE
file_1_file_1_g2502	NA	NA	OG0016961	NA	0	FALSE	FALSE
file_1_file_1_g2503	NA	NA	OG0013947	NA	0	FALSE	FALSE
file_1_file_1_g2504	NA	NA	OG0000254	NA	0	FALSE	FALSE
file_1_file_1_g2505	NA	NA	OG0016982	NA	0	FALSE	FALSE
file_1_file_1_g2506	NA	NA	OG0016982	NA	0	FALSE	FALSE
file_1_file_1_g2521	NA	NA	OG0031645	NA	0	FALSE	FALSE
file_1_file_1_g3590	-	protein heterodimerization activity	OG0010247	NA	0	FALSE	FALSE
file_1_file_1_g3593	-	protein heterodimerization activity	OG0010247	NA	0	FALSE	FALSE
file_1_file_1_g3596	-	Histone H4	OG0010247	NA	0	FALSE	FALSE
file_1_file_1_g3597	-	histone H3	OG0031087	NA	0	FALSE	FALSE
file_1_file_1_g3600	-	Histone H4	OG0010247	NA	0	FALSE	FALSE
file_1_file_1_g6320	NA	NA	OG0008312	NA	0	FALSE	FALSE
file_1_file_1_g6321	NA	NA	OG0031514	NA	0	FALSE	FALSE
file_1_file_1_g6322	NA	NA	OG0031515	NA	0	FALSE	FALSE
file_1_file_1_g6323	NA	NA	OG0000254	NA	0	FALSE	FALSE
file_1_file_1_g6325	NA	NA	OG0000254	NA	0	FALSE	FALSE
file_1_file_1_g804	NA	NA	OG0000254	NA	0	FALSE	FALSE
file_1_file_1_g805	NA	NA	OG0000254	NA	0	FALSE	FALSE
file_1_file_1_g807	NA	NA	OG0000254	NA	0	FALSE	FALSE
file_1_file_1_g808	NA	NA	OG0000254	NA	0	FALSE	FALSE
file_1_file_1_g809	NA	NA	OG0000254	NA	0	FALSE	FALSE
file_1_file_1_g815	NA	NA	OG0000254	NA	0	FALSE	FALSE
file_1_file_1_g816	NA	NA	OG0008312	NA	0	FALSE	FALSE
file_1_file_1_g8288	NA	NA	OG0005446	NA	0	FALSE	FALSE
file_1_file_1_g8290	NA	NA	OG0000254	NA	0	FALSE	FALSE
file_1_file_1_g9194	NA	NA	OG0030979	NA	0	FALSE	FALSE
file_1_file_1_g9195	NA	NA	OG0030980	NA	0	FALSE	FALSE
file_1_file_1_g9196	NA	NA	OG0011069	NA	0	FALSE	FALSE
file_1_file_1_g9197	NA	NA	OG0010241	NA	0	FALSE	FALSE
file_1_file_1_g9198	NA	NA	OG0010241	NA	0	FALSE	FALSE
file_1_file_1_g9199	NA	NA	OG0010241	NA	0	FALSE	FALSE
file_1_file_1_g9200	NA	NA	OG0010241	NA	0	FALSE	FALSE
file_1_file_1_g9201	NA	NA	OG0010241	NA	0	FALSE	FALSE
file_1_file_1_g9202	NA	NA	OG0010241	NA	0	FALSE	FALSE
file_1_file_1_g9875	NA	NA	OG0000254	NA	0	FALSE	FALSE
file_1_file_1_g9882	NA	NA	OG0002781	NA	0	FALSE	FALSE
file_1_file_1_g9883	NA	NA	OG0016941	NA	0	FALSE	FALSE
file_1_file_1_g9884	NA	NA	OG0031077	NA	0	FALSE	FALSE
file_1_file_1_g9885	NA	NA	OG0002781	NA	0	FALSE	FALSE
file_1_file_1_g9886	NA	NA	OG0008312	NA	0	FALSE	FALSE
file_1_file_1_g9887	NA	NA	OG0016942	NA	0	FALSE	FALSE
file_1_file_1_g9889	NA	NA	OG0005446	NA	0	FALSE	FALSE
file_1_file_1_g9890	NA	NA	OG0002781	NA	0	FALSE	FALSE
file_1_file_1_g9891	NA	NA	OG0002781	NA	0	FALSE	FALSE
file_1_file_1_g9892	NA	NA	OG0005446	NA	0	FALSE	FALSE
file_1_file_1_g9900	NA	NA	OG0016945	NA	0	FALSE	FALSE
file_1_file_1_g9902	NA	NA	OG0002781	NA	0	FALSE	FALSE
file_1_file_1_g9905	NA	NA	OG0008312	NA	0	FALSE	FALSE
file_1_file_1_g9910	NA	NA	OG0016947	NA	0	FALSE	FALSE
file_1_file_1_g9911	NA	NA	OG0016943	NA	0	FALSE	FALSE
file_1_file_1_g9912	NA	NA	OG0031081	NA	0	FALSE	FALSE
file_1_file_1_g9913	NA	NA	OG0031082	NA	0	FALSE	FALSE
file_1_file_1_g9914	NA	NA	OG0031083	NA	0	FALSE	FALSE
file_1_file_1_g9915	NA	NA	OG0031084	NA	0	FALSE	FALSE
file_1_file_1_g9916	NA	NA	OG0031085	NA	0	FALSE	FALSE
file_1_file_1_g9917	NA	NA	OG0031086	NA	0	FALSE	FALSE
file_1_file_1_g9919	NA	NA	OG0016946	NA	0	FALSE	FALSE
