"sample","fastq_1","fastq_2","strandedness","accession","run_accession","experiment_accession","sample_accession","secondary_sample_accession","study_accession","secondary_study_accession","parent_study","submission_accession","run_alias","experiment_alias","sample_alias","study_alias","library_layout","library_selection","library_source","library_strategy","library_name","instrument_model","instrument_platform","base_count","read_count","tax_id","scientific_name","sample_title","experiment_title","study_title","description","sample_description","fastq_md5","fastq_bytes","fastq_ftp","fastq_galaxy","fastq_aspera"
"ERX3179351","/lustre/scratch123/tol/projects/tol-nematodes/data/Auanema/Auanema_rhodensis/transcriptomic_data/nxAuaRhod1/rna-seq/fastq/ERX3179351_ERR3150274_1.fastq.gz","/lustre/scratch123/tol/projects/tol-nematodes/data/Auanema/Auanema_rhodensis/transcriptomic_data/nxAuaRhod1/rna-seq/fastq/ERX3179351_ERR3150274_2.fastq.gz","auto","SAMEA5332392","ERR3150274","ERX3179351","SAMEA5332392","ERS3138583","PRJEB31201","ERP113724","","ERA1737165","E-MTAB-7667:lane1_APS4_L2_DA_FEM_1_","E-MTAB-7667:APS4_L2_DA_FEM_1_p","E-MTAB-7667:APS4_L2_DA_FEM_1","E-MTAB-7667","PAIRED","Oligo-dT","TRANSCRIPTOMIC","RNA-Seq","APS4_L2_DA_FEM_1_p","Illumina HiSeq 2500","ILLUMINA","3707215200","18536076","473160","Auanema rhodensis","APS4_L2_DA_FEM_1","Illumina HiSeq 2500 paired end sequencing; RNA-seq of whole body L2 females, L2 hermaphrodites, L2 converted females (hermaphrodite-fated larvae induced to develop as females), adult males and mixed stages individuals from the three-sexed nematode Auanema rhodensis","RNA-seq of whole body L2 females, L2 hermaphrodites, L2 converted females (hermaphrodite-fated larvae induced to develop as females), adult males and mixed stages individuals from the three-sexed nematode Auanema rhodensis","Illumina HiSeq 2500 paired end sequencing; RNA-seq of whole body L2 females, L2 hermaphrodites, L2 converted females (hermaphrodite-fated larvae induced to develop as females), adult males and mixed stages individuals from the three-sexed nematode Auanema rhodensis","Protocols: Converted-females L2 larvae were isolated by using synchronized progeny populations generated by hermaphrodite mothers. Briefly, dauers (fated to become hermaphrodites) were isolated and allowed to develop into adult hermaphrodites. After ~12 h of egg laying the mothers were removed and the early eggs laid were left to hatch. To convert hermaphrodite-fated larvae into females, mid-L1 larvae with smaller gonads (characteristic of hermaphrodite-fated L1s) were isolated and grown with E. coli streptoycin-resistant strain OP50-1 containing 200 nM dafachronic acid (DA) on Nematode Growth Medium (NGM) in individual wells of a 12 well culture plate. Once the larvae reached the L2 stage, the ones that had a female morphology were collected and used for RNA extraction. About 200 L2s were picked and transferred to an Eppendorf tube containing 200 µL of M9 buffer. The nematodes were washed 2-3 times in M9 buffer, allowing them to sink to the bottom of the tube under gravity between each wash. After the final wash, the maximum amount of M9 was removed and 200 µL of Trizol was added to the tube. The tube was placed at -80 °C immediately. For RNA extraction, nematodes were first freeze-cracked in liquid nitrogen (2-3 times). Trizol was added to make up the volume to 500 µL and nematodes were shaken with a few sterile 0.5 mm glass beads on a BeadBeater homogenizer (20 s, 3 times with 30 s intervals). Subsequently, RNA was extracted using a standard chloroform approach and ...","458f579e70134b51dbf7213892fe6f8d;00798d8e51c63ef99242d5e9d2ee6039","1714228282;1725076469","ftp.sra.ebi.ac.uk/vol1/fastq/ERR315/004/ERR3150274/ERR3150274_1.fastq.gz;ftp.sra.ebi.ac.uk/vol1/fastq/ERR315/004/ERR3150274/ERR3150274_2.fastq.gz","ftp.sra.ebi.ac.uk/vol1/fastq/ERR315/004/ERR3150274/ERR3150274_1.fastq.gz;ftp.sra.ebi.ac.uk/vol1/fastq/ERR315/004/ERR3150274/ERR3150274_2.fastq.gz","fasp.sra.ebi.ac.uk:/vol1/fastq/ERR315/004/ERR3150274/ERR3150274_1.fastq.gz;fasp.sra.ebi.ac.uk:/vol1/fastq/ERR315/004/ERR3150274/ERR3150274_2.fastq.gz"
"ERX3179352","/lustre/scratch123/tol/projects/tol-nematodes/data/Auanema/Auanema_rhodensis/transcriptomic_data/nxAuaRhod1/rna-seq/fastq/ERX3179352_ERR3150275_1.fastq.gz","/lustre/scratch123/tol/projects/tol-nematodes/data/Auanema/Auanema_rhodensis/transcriptomic_data/nxAuaRhod1/rna-seq/fastq/ERX3179352_ERR3150275_2.fastq.gz","auto","SAMEA5332393","ERR3150275","ERX3179352","SAMEA5332393","ERS3138584","PRJEB31201","ERP113724","","ERA1737165","E-MTAB-7667:lane1_APS4_L2_DA_FEM_2_","E-MTAB-7667:APS4_L2_DA_FEM_2_p","E-MTAB-7667:APS4_L2_DA_FEM_2","E-MTAB-7667","PAIRED","Oligo-dT","TRANSCRIPTOMIC","RNA-Seq","APS4_L2_DA_FEM_2_p","Illumina HiSeq 2500","ILLUMINA","3434021000","17170105","473160","Auanema rhodensis","APS4_L2_DA_FEM_2","Illumina HiSeq 2500 paired end sequencing; RNA-seq of whole body L2 females, L2 hermaphrodites, L2 converted females (hermaphrodite-fated larvae induced to develop as females), adult males and mixed stages individuals from the three-sexed nematode Auanema rhodensis","RNA-seq of whole body L2 females, L2 hermaphrodites, L2 converted females (hermaphrodite-fated larvae induced to develop as females), adult males and mixed stages individuals from the three-sexed nematode Auanema rhodensis","Illumina HiSeq 2500 paired end sequencing; RNA-seq of whole body L2 females, L2 hermaphrodites, L2 converted females (hermaphrodite-fated larvae induced to develop as females), adult males and mixed stages individuals from the three-sexed nematode Auanema rhodensis","Protocols: Converted-females L2 larvae were isolated by using synchronized progeny populations generated by hermaphrodite mothers. Briefly, dauers (fated to become hermaphrodites) were isolated and allowed to develop into adult hermaphrodites. After ~12 h of egg laying the mothers were removed and the early eggs laid were left to hatch. To convert hermaphrodite-fated larvae into females, mid-L1 larvae with smaller gonads (characteristic of hermaphrodite-fated L1s) were isolated and grown with E. coli streptoycin-resistant strain OP50-1 containing 200 nM dafachronic acid (DA) on Nematode Growth Medium (NGM) in individual wells of a 12 well culture plate. Once the larvae reached the L2 stage, the ones that had a female morphology were collected and used for RNA extraction. About 200 L2s were picked and transferred to an Eppendorf tube containing 200 µL of M9 buffer. The nematodes were washed 2-3 times in M9 buffer, allowing them to sink to the bottom of the tube under gravity between each wash. After the final wash, the maximum amount of M9 was removed and 200 µL of Trizol was added to the tube. The tube was placed at -80 °C immediately. For RNA extraction, nematodes were first freeze-cracked in liquid nitrogen (2-3 times). Trizol was added to make up the volume to 500 µL and nematodes were shaken with a few sterile 0.5 mm glass beads on a BeadBeater homogenizer (20 s, 3 times with 30 s intervals). Subsequently, RNA was extracted using a standard chloroform approach and ...","5aa0a8aad03a5f8a0e8e048998e76a95;e7ccc1cefefe497ede3da34203e82d65","1596193657;1606347674","ftp.sra.ebi.ac.uk/vol1/fastq/ERR315/005/ERR3150275/ERR3150275_1.fastq.gz;ftp.sra.ebi.ac.uk/vol1/fastq/ERR315/005/ERR3150275/ERR3150275_2.fastq.gz","ftp.sra.ebi.ac.uk/vol1/fastq/ERR315/005/ERR3150275/ERR3150275_1.fastq.gz;ftp.sra.ebi.ac.uk/vol1/fastq/ERR315/005/ERR3150275/ERR3150275_2.fastq.gz","fasp.sra.ebi.ac.uk:/vol1/fastq/ERR315/005/ERR3150275/ERR3150275_1.fastq.gz;fasp.sra.ebi.ac.uk:/vol1/fastq/ERR315/005/ERR3150275/ERR3150275_2.fastq.gz"
"ERX3179353","/lustre/scratch123/tol/projects/tol-nematodes/data/Auanema/Auanema_rhodensis/transcriptomic_data/nxAuaRhod1/rna-seq/fastq/ERX3179353_ERR3150276_1.fastq.gz","/lustre/scratch123/tol/projects/tol-nematodes/data/Auanema/Auanema_rhodensis/transcriptomic_data/nxAuaRhod1/rna-seq/fastq/ERX3179353_ERR3150276_2.fastq.gz","auto","SAMEA5332394","ERR3150276","ERX3179353","SAMEA5332394","ERS3138585","PRJEB31201","ERP113724","","ERA1737165","E-MTAB-7667:lane1_APS4_L2_DA_FEM_3_","E-MTAB-7667:APS4_L2_DA_FEM_3_p","E-MTAB-7667:APS4_L2_DA_FEM_3","E-MTAB-7667","PAIRED","Oligo-dT","TRANSCRIPTOMIC","RNA-Seq","APS4_L2_DA_FEM_3_p","Illumina HiSeq 2500","ILLUMINA","3392480400","16962402","473160","Auanema rhodensis","APS4_L2_DA_FEM_3","Illumina HiSeq 2500 paired end sequencing; RNA-seq of whole body L2 females, L2 hermaphrodites, L2 converted females (hermaphrodite-fated larvae induced to develop as females), adult males and mixed stages individuals from the three-sexed nematode Auanema rhodensis","RNA-seq of whole body L2 females, L2 hermaphrodites, L2 converted females (hermaphrodite-fated larvae induced to develop as females), adult males and mixed stages individuals from the three-sexed nematode Auanema rhodensis","Illumina HiSeq 2500 paired end sequencing; RNA-seq of whole body L2 females, L2 hermaphrodites, L2 converted females (hermaphrodite-fated larvae induced to develop as females), adult males and mixed stages individuals from the three-sexed nematode Auanema rhodensis","Protocols: Converted-females L2 larvae were isolated by using synchronized progeny populations generated by hermaphrodite mothers. Briefly, dauers (fated to become hermaphrodites) were isolated and allowed to develop into adult hermaphrodites. After ~12 h of egg laying the mothers were removed and the early eggs laid were left to hatch. To convert hermaphrodite-fated larvae into females, mid-L1 larvae with smaller gonads (characteristic of hermaphrodite-fated L1s) were isolated and grown with E. coli streptoycin-resistant strain OP50-1 containing 200 nM dafachronic acid (DA) on Nematode Growth Medium (NGM) in individual wells of a 12 well culture plate. Once the larvae reached the L2 stage, the ones that had a female morphology were collected and used for RNA extraction. About 200 L2s were picked and transferred to an Eppendorf tube containing 200 µL of M9 buffer. The nematodes were washed 2-3 times in M9 buffer, allowing them to sink to the bottom of the tube under gravity between each wash. After the final wash, the maximum amount of M9 was removed and 200 µL of Trizol was added to the tube. The tube was placed at -80 °C immediately. For RNA extraction, nematodes were first freeze-cracked in liquid nitrogen (2-3 times). Trizol was added to make up the volume to 500 µL and nematodes were shaken with a few sterile 0.5 mm glass beads on a BeadBeater homogenizer (20 s, 3 times with 30 s intervals). Subsequently, RNA was extracted using a standard chloroform approach and ...","a1a1424f3581aa5a7b5e203130be7eaf;57c6c65d522e831320ffa17685330b03","1589204663;1583166121","ftp.sra.ebi.ac.uk/vol1/fastq/ERR315/006/ERR3150276/ERR3150276_1.fastq.gz;ftp.sra.ebi.ac.uk/vol1/fastq/ERR315/006/ERR3150276/ERR3150276_2.fastq.gz","ftp.sra.ebi.ac.uk/vol1/fastq/ERR315/006/ERR3150276/ERR3150276_1.fastq.gz;ftp.sra.ebi.ac.uk/vol1/fastq/ERR315/006/ERR3150276/ERR3150276_2.fastq.gz","fasp.sra.ebi.ac.uk:/vol1/fastq/ERR315/006/ERR3150276/ERR3150276_1.fastq.gz;fasp.sra.ebi.ac.uk:/vol1/fastq/ERR315/006/ERR3150276/ERR3150276_2.fastq.gz"
"ERX3179354","/lustre/scratch123/tol/projects/tol-nematodes/data/Auanema/Auanema_rhodensis/transcriptomic_data/nxAuaRhod1/rna-seq/fastq/ERX3179354_ERR3150277_1.fastq.gz","/lustre/scratch123/tol/projects/tol-nematodes/data/Auanema/Auanema_rhodensis/transcriptomic_data/nxAuaRhod1/rna-seq/fastq/ERX3179354_ERR3150277_2.fastq.gz","auto","SAMEA5332395","ERR3150277","ERX3179354","SAMEA5332395","ERS3138586","PRJEB31201","ERP113724","","ERA1737165","E-MTAB-7667:lane1_APS4_L2_FEM_1_","E-MTAB-7667:APS4_L2_FEM_1_p","E-MTAB-7667:APS4_L2_FEM_1","E-MTAB-7667","PAIRED","Oligo-dT","TRANSCRIPTOMIC","RNA-Seq","APS4_L2_FEM_1_p","Illumina HiSeq 2500","ILLUMINA","3422143200","34221432","473160","Auanema rhodensis","APS4_L2_FEM_1","Illumina HiSeq 2500 paired end sequencing; RNA-seq of whole body L2 females, L2 hermaphrodites, L2 converted females (hermaphrodite-fated larvae induced to develop as females), adult males and mixed stages individuals from the three-sexed nematode Auanema rhodensis","RNA-seq of whole body L2 females, L2 hermaphrodites, L2 converted females (hermaphrodite-fated larvae induced to develop as females), adult males and mixed stages individuals from the three-sexed nematode Auanema rhodensis","Illumina HiSeq 2500 paired end sequencing; RNA-seq of whole body L2 females, L2 hermaphrodites, L2 converted females (hermaphrodite-fated larvae induced to develop as females), adult males and mixed stages individuals from the three-sexed nematode Auanema rhodensis","Protocols: Female- and hermaphrodite-fated L2 larvae were isolated by using synchronized progeny populations generated by hermaphrodite mothers. Briefly, dauers (fated to become hermaphrodites) were isolated and allowed to develop into adult hermaphrodites. After ~12 h of egg laying the mothers were removed and the early eggs laid were left to hatch and grow until the L2 stage. During the L2 stage, females and hermaphrodites are distinguishable by their size and coloring: hermaphrodites are smaller, develop slower, are thinner and darker than females. About 200 L2s of each sex were picked and transferred to an Eppendorf tube containing 200 µL of M9 buffer. The nematodes were washed 2-3 times in M9 buffer, allowing them to sink to the bottom of the tube under gravity between each wash. After the final wash, the maximum amount of M9 was removed and 200 µL of Trizol was added to the tube. The tube was placed at -80 °C immediately. For RNA extraction, nematodes were first freeze-cracked in liquid nitrogen (2-3 times). Trizol was added to make up the volume to 500 µL and nematodes were shaken with a few sterile 0.5 mm glass beads on a BeadBeater homogenizer (20 s, 3 times with 30 s intervals). Subsequently, RNA was extracted using a standard chloroform approach and the pellet was dissolved in DEPC treated water and stored at -80 °C. Illumina TruSeq RNA sample Prep kit and protocol was used to construct the mRNA-seq libraries. Briefly, the poly-A containing RNA molecules we...","88d1084413d99f994022258db3119aaa;3db30ebfd18430e09277914f00b25802","1581938086;1581938085","ftp.sra.ebi.ac.uk/vol1/fastq/ERR315/007/ERR3150277/ERR3150277_1.fastq.gz;ftp.sra.ebi.ac.uk/vol1/fastq/ERR315/007/ERR3150277/ERR3150277_2.fastq.gz","ftp.sra.ebi.ac.uk/vol1/fastq/ERR315/007/ERR3150277/ERR3150277_1.fastq.gz;ftp.sra.ebi.ac.uk/vol1/fastq/ERR315/007/ERR3150277/ERR3150277_2.fastq.gz","fasp.sra.ebi.ac.uk:/vol1/fastq/ERR315/007/ERR3150277/ERR3150277_1.fastq.gz;fasp.sra.ebi.ac.uk:/vol1/fastq/ERR315/007/ERR3150277/ERR3150277_2.fastq.gz"
"ERX3179355","/lustre/scratch123/tol/projects/tol-nematodes/data/Auanema/Auanema_rhodensis/transcriptomic_data/nxAuaRhod1/rna-seq/fastq/ERX3179355_ERR3150278_1.fastq.gz","/lustre/scratch123/tol/projects/tol-nematodes/data/Auanema/Auanema_rhodensis/transcriptomic_data/nxAuaRhod1/rna-seq/fastq/ERX3179355_ERR3150278_2.fastq.gz","auto","SAMEA5332396","ERR3150278","ERX3179355","SAMEA5332396","ERS3138587","PRJEB31201","ERP113724","","ERA1737165","E-MTAB-7667:lane1_APS4-FEM-2_","E-MTAB-7667:APS4_L2_FEM_2_p","E-MTAB-7667:APS4_L2_FEM_2","E-MTAB-7667","PAIRED","Oligo-dT","TRANSCRIPTOMIC","RNA-Seq","APS4_L2_FEM_2_p","Illumina HiSeq 2500","ILLUMINA","3325922200","16629611","473160","Auanema rhodensis","APS4_L2_FEM_2","Illumina HiSeq 2500 paired end sequencing; RNA-seq of whole body L2 females, L2 hermaphrodites, L2 converted females (hermaphrodite-fated larvae induced to develop as females), adult males and mixed stages individuals from the three-sexed nematode Auanema rhodensis","RNA-seq of whole body L2 females, L2 hermaphrodites, L2 converted females (hermaphrodite-fated larvae induced to develop as females), adult males and mixed stages individuals from the three-sexed nematode Auanema rhodensis","Illumina HiSeq 2500 paired end sequencing; RNA-seq of whole body L2 females, L2 hermaphrodites, L2 converted females (hermaphrodite-fated larvae induced to develop as females), adult males and mixed stages individuals from the three-sexed nematode Auanema rhodensis","Protocols: Female- and hermaphrodite-fated L2 larvae were isolated by using synchronized progeny populations generated by hermaphrodite mothers. Briefly, dauers (fated to become hermaphrodites) were isolated and allowed to develop into adult hermaphrodites. After ~12 h of egg laying the mothers were removed and the early eggs laid were left to hatch and grow until the L2 stage. During the L2 stage, females and hermaphrodites are distinguishable by their size and coloring: hermaphrodites are smaller, develop slower, are thinner and darker than females. About 200 L2s of each sex were picked and transferred to an Eppendorf tube containing 200 µL of M9 buffer. The nematodes were washed 2-3 times in M9 buffer, allowing them to sink to the bottom of the tube under gravity between each wash. After the final wash, the maximum amount of M9 was removed and 200 µL of Trizol was added to the tube. The tube was placed at -80 °C immediately. For RNA extraction, nematodes were first freeze-cracked in liquid nitrogen (2-3 times). Trizol was added to make up the volume to 500 µL and nematodes were shaken with a few sterile 0.5 mm glass beads on a BeadBeater homogenizer (20 s, 3 times with 30 s intervals). Subsequently, RNA was extracted using a standard chloroform approach and the pellet was dissolved in DEPC treated water and stored at -80 °C. Illumina TruSeq RNA sample Prep kit and protocol was used to construct the mRNA-seq libraries. Briefly, the poly-A containing RNA molecules we...","825ea21f82c1d6b84b466bd9f0b6e316;a7915abf96c67d633fa366d7d714c2ba","1547513321;1555828689","ftp.sra.ebi.ac.uk/vol1/fastq/ERR315/008/ERR3150278/ERR3150278_1.fastq.gz;ftp.sra.ebi.ac.uk/vol1/fastq/ERR315/008/ERR3150278/ERR3150278_2.fastq.gz","ftp.sra.ebi.ac.uk/vol1/fastq/ERR315/008/ERR3150278/ERR3150278_1.fastq.gz;ftp.sra.ebi.ac.uk/vol1/fastq/ERR315/008/ERR3150278/ERR3150278_2.fastq.gz","fasp.sra.ebi.ac.uk:/vol1/fastq/ERR315/008/ERR3150278/ERR3150278_1.fastq.gz;fasp.sra.ebi.ac.uk:/vol1/fastq/ERR315/008/ERR3150278/ERR3150278_2.fastq.gz"
"ERX3179356","/lustre/scratch123/tol/projects/tol-nematodes/data/Auanema/Auanema_rhodensis/transcriptomic_data/nxAuaRhod1/rna-seq/fastq/ERX3179356_ERR3150279_1.fastq.gz","/lustre/scratch123/tol/projects/tol-nematodes/data/Auanema/Auanema_rhodensis/transcriptomic_data/nxAuaRhod1/rna-seq/fastq/ERX3179356_ERR3150279_2.fastq.gz","auto","SAMEA5332397","ERR3150279","ERX3179356","SAMEA5332397","ERS3138588","PRJEB31201","ERP113724","","ERA1737165","E-MTAB-7667:lane1_APS4_L2_FEM_3_","E-MTAB-7667:APS4_L2_FEM_3_p","E-MTAB-7667:APS4_L2_FEM_3","E-MTAB-7667","PAIRED","Oligo-dT","TRANSCRIPTOMIC","RNA-Seq","APS4_L2_FEM_3_p","Illumina HiSeq 2500","ILLUMINA","3475812400","17379062","473160","Auanema rhodensis","APS4_L2_FEM_3","Illumina HiSeq 2500 paired end sequencing; RNA-seq of whole body L2 females, L2 hermaphrodites, L2 converted females (hermaphrodite-fated larvae induced to develop as females), adult males and mixed stages individuals from the three-sexed nematode Auanema rhodensis","RNA-seq of whole body L2 females, L2 hermaphrodites, L2 converted females (hermaphrodite-fated larvae induced to develop as females), adult males and mixed stages individuals from the three-sexed nematode Auanema rhodensis","Illumina HiSeq 2500 paired end sequencing; RNA-seq of whole body L2 females, L2 hermaphrodites, L2 converted females (hermaphrodite-fated larvae induced to develop as females), adult males and mixed stages individuals from the three-sexed nematode Auanema rhodensis","Protocols: Female- and hermaphrodite-fated L2 larvae were isolated by using synchronized progeny populations generated by hermaphrodite mothers. Briefly, dauers (fated to become hermaphrodites) were isolated and allowed to develop into adult hermaphrodites. After ~12 h of egg laying the mothers were removed and the early eggs laid were left to hatch and grow until the L2 stage. During the L2 stage, females and hermaphrodites are distinguishable by their size and coloring: hermaphrodites are smaller, develop slower, are thinner and darker than females. About 200 L2s of each sex were picked and transferred to an Eppendorf tube containing 200 µL of M9 buffer. The nematodes were washed 2-3 times in M9 buffer, allowing them to sink to the bottom of the tube under gravity between each wash. After the final wash, the maximum amount of M9 was removed and 200 µL of Trizol was added to the tube. The tube was placed at -80 °C immediately. For RNA extraction, nematodes were first freeze-cracked in liquid nitrogen (2-3 times). Trizol was added to make up the volume to 500 µL and nematodes were shaken with a few sterile 0.5 mm glass beads on a BeadBeater homogenizer (20 s, 3 times with 30 s intervals). Subsequently, RNA was extracted using a standard chloroform approach and the pellet was dissolved in DEPC treated water and stored at -80 °C. Illumina TruSeq RNA sample Prep kit and protocol was used to construct the mRNA-seq libraries. Briefly, the poly-A containing RNA molecules we...","59ffdbe8b89c975c23df51f993651b23;d1312cc9b5a7237d63b79286e78c1d61","1636811483;1629516581","ftp.sra.ebi.ac.uk/vol1/fastq/ERR315/009/ERR3150279/ERR3150279_1.fastq.gz;ftp.sra.ebi.ac.uk/vol1/fastq/ERR315/009/ERR3150279/ERR3150279_2.fastq.gz","ftp.sra.ebi.ac.uk/vol1/fastq/ERR315/009/ERR3150279/ERR3150279_1.fastq.gz;ftp.sra.ebi.ac.uk/vol1/fastq/ERR315/009/ERR3150279/ERR3150279_2.fastq.gz","fasp.sra.ebi.ac.uk:/vol1/fastq/ERR315/009/ERR3150279/ERR3150279_1.fastq.gz;fasp.sra.ebi.ac.uk:/vol1/fastq/ERR315/009/ERR3150279/ERR3150279_2.fastq.gz"
"ERX3179357","/lustre/scratch123/tol/projects/tol-nematodes/data/Auanema/Auanema_rhodensis/transcriptomic_data/nxAuaRhod1/rna-seq/fastq/ERX3179357_ERR3150280_1.fastq.gz","/lustre/scratch123/tol/projects/tol-nematodes/data/Auanema/Auanema_rhodensis/transcriptomic_data/nxAuaRhod1/rna-seq/fastq/ERX3179357_ERR3150280_2.fastq.gz","auto","SAMEA5332398","ERR3150280","ERX3179357","SAMEA5332398","ERS3138589","PRJEB31201","ERP113724","","ERA1737165","E-MTAB-7667:lane1_APS4_L2_HER_1_","E-MTAB-7667:APS4_L2_HER_1_p","E-MTAB-7667:APS4_L2_HER_1","E-MTAB-7667","PAIRED","Oligo-dT","TRANSCRIPTOMIC","RNA-Seq","APS4_L2_HER_1_p","Illumina HiSeq 2500","ILLUMINA","3112595400","15562977","473160","Auanema rhodensis","APS4_L2_HER_1","Illumina HiSeq 2500 paired end sequencing; RNA-seq of whole body L2 females, L2 hermaphrodites, L2 converted females (hermaphrodite-fated larvae induced to develop as females), adult males and mixed stages individuals from the three-sexed nematode Auanema rhodensis","RNA-seq of whole body L2 females, L2 hermaphrodites, L2 converted females (hermaphrodite-fated larvae induced to develop as females), adult males and mixed stages individuals from the three-sexed nematode Auanema rhodensis","Illumina HiSeq 2500 paired end sequencing; RNA-seq of whole body L2 females, L2 hermaphrodites, L2 converted females (hermaphrodite-fated larvae induced to develop as females), adult males and mixed stages individuals from the three-sexed nematode Auanema rhodensis","Protocols: Female- and hermaphrodite-fated L2 larvae were isolated by using synchronized progeny populations generated by hermaphrodite mothers. Briefly, dauers (fated to become hermaphrodites) were isolated and allowed to develop into adult hermaphrodites. After ~12 h of egg laying the mothers were removed and the early eggs laid were left to hatch and grow until the L2 stage. During the L2 stage, females and hermaphrodites are distinguishable by their size and coloring: hermaphrodites are smaller, develop slower, are thinner and darker than females. About 200 L2s of each sex were picked and transferred to an Eppendorf tube containing 200 µL of M9 buffer. The nematodes were washed 2-3 times in M9 buffer, allowing them to sink to the bottom of the tube under gravity between each wash. After the final wash, the maximum amount of M9 was removed and 200 µL of Trizol was added to the tube. The tube was placed at -80 °C immediately. For RNA extraction, nematodes were first freeze-cracked in liquid nitrogen (2-3 times). Trizol was added to make up the volume to 500 µL and nematodes were shaken with a few sterile 0.5 mm glass beads on a BeadBeater homogenizer (20 s, 3 times with 30 s intervals). Subsequently, RNA was extracted using a standard chloroform approach and the pellet was dissolved in DEPC treated water and stored at -80 °C. Illumina TruSeq RNA sample Prep kit and protocol was used to construct the mRNA-seq libraries. Briefly, the poly-A containing RNA molecules we...","96411f1066236d477946c028ef204958;2e98716ac27f549eed2b649eae74f4fe","1455872690;1448021856","ftp.sra.ebi.ac.uk/vol1/fastq/ERR315/000/ERR3150280/ERR3150280_1.fastq.gz;ftp.sra.ebi.ac.uk/vol1/fastq/ERR315/000/ERR3150280/ERR3150280_2.fastq.gz","ftp.sra.ebi.ac.uk/vol1/fastq/ERR315/000/ERR3150280/ERR3150280_1.fastq.gz;ftp.sra.ebi.ac.uk/vol1/fastq/ERR315/000/ERR3150280/ERR3150280_2.fastq.gz","fasp.sra.ebi.ac.uk:/vol1/fastq/ERR315/000/ERR3150280/ERR3150280_1.fastq.gz;fasp.sra.ebi.ac.uk:/vol1/fastq/ERR315/000/ERR3150280/ERR3150280_2.fastq.gz"
"ERX3179358","/lustre/scratch123/tol/projects/tol-nematodes/data/Auanema/Auanema_rhodensis/transcriptomic_data/nxAuaRhod1/rna-seq/fastq/ERX3179358_ERR3150281_1.fastq.gz","/lustre/scratch123/tol/projects/tol-nematodes/data/Auanema/Auanema_rhodensis/transcriptomic_data/nxAuaRhod1/rna-seq/fastq/ERX3179358_ERR3150281_2.fastq.gz","auto","SAMEA5332399","ERR3150281","ERX3179358","SAMEA5332399","ERS3138590","PRJEB31201","ERP113724","","ERA1737165","E-MTAB-7667:lane1_APS4_L2_HER_2_","E-MTAB-7667:APS4_L2_HER_2_p","E-MTAB-7667:APS4_L2_HER_2","E-MTAB-7667","PAIRED","Oligo-dT","TRANSCRIPTOMIC","RNA-Seq","APS4_L2_HER_2_p","Illumina HiSeq 2500","ILLUMINA","3215684800","16078424","473160","Auanema rhodensis","APS4_L2_HER_2","Illumina HiSeq 2500 paired end sequencing; RNA-seq of whole body L2 females, L2 hermaphrodites, L2 converted females (hermaphrodite-fated larvae induced to develop as females), adult males and mixed stages individuals from the three-sexed nematode Auanema rhodensis","RNA-seq of whole body L2 females, L2 hermaphrodites, L2 converted females (hermaphrodite-fated larvae induced to develop as females), adult males and mixed stages individuals from the three-sexed nematode Auanema rhodensis","Illumina HiSeq 2500 paired end sequencing; RNA-seq of whole body L2 females, L2 hermaphrodites, L2 converted females (hermaphrodite-fated larvae induced to develop as females), adult males and mixed stages individuals from the three-sexed nematode Auanema rhodensis","Protocols: Female- and hermaphrodite-fated L2 larvae were isolated by using synchronized progeny populations generated by hermaphrodite mothers. Briefly, dauers (fated to become hermaphrodites) were isolated and allowed to develop into adult hermaphrodites. After ~12 h of egg laying the mothers were removed and the early eggs laid were left to hatch and grow until the L2 stage. During the L2 stage, females and hermaphrodites are distinguishable by their size and coloring: hermaphrodites are smaller, develop slower, are thinner and darker than females. About 200 L2s of each sex were picked and transferred to an Eppendorf tube containing 200 µL of M9 buffer. The nematodes were washed 2-3 times in M9 buffer, allowing them to sink to the bottom of the tube under gravity between each wash. After the final wash, the maximum amount of M9 was removed and 200 µL of Trizol was added to the tube. The tube was placed at -80 °C immediately. For RNA extraction, nematodes were first freeze-cracked in liquid nitrogen (2-3 times). Trizol was added to make up the volume to 500 µL and nematodes were shaken with a few sterile 0.5 mm glass beads on a BeadBeater homogenizer (20 s, 3 times with 30 s intervals). Subsequently, RNA was extracted using a standard chloroform approach and the pellet was dissolved in DEPC treated water and stored at -80 °C. Illumina TruSeq RNA sample Prep kit and protocol was used to construct the mRNA-seq libraries. Briefly, the poly-A containing RNA molecules we...","f0f1a1309a832044c6be8f35849d7ec9;26a03772be5f5f9374ebec6e9519bcce","1487988582;1492616199","ftp.sra.ebi.ac.uk/vol1/fastq/ERR315/001/ERR3150281/ERR3150281_1.fastq.gz;ftp.sra.ebi.ac.uk/vol1/fastq/ERR315/001/ERR3150281/ERR3150281_2.fastq.gz","ftp.sra.ebi.ac.uk/vol1/fastq/ERR315/001/ERR3150281/ERR3150281_1.fastq.gz;ftp.sra.ebi.ac.uk/vol1/fastq/ERR315/001/ERR3150281/ERR3150281_2.fastq.gz","fasp.sra.ebi.ac.uk:/vol1/fastq/ERR315/001/ERR3150281/ERR3150281_1.fastq.gz;fasp.sra.ebi.ac.uk:/vol1/fastq/ERR315/001/ERR3150281/ERR3150281_2.fastq.gz"
"ERX3179359","/lustre/scratch123/tol/projects/tol-nematodes/data/Auanema/Auanema_rhodensis/transcriptomic_data/nxAuaRhod1/rna-seq/fastq/ERX3179359_ERR3150282_1.fastq.gz","/lustre/scratch123/tol/projects/tol-nematodes/data/Auanema/Auanema_rhodensis/transcriptomic_data/nxAuaRhod1/rna-seq/fastq/ERX3179359_ERR3150282_2.fastq.gz","auto","SAMEA5332400","ERR3150282","ERX3179359","SAMEA5332400","ERS3138591","PRJEB31201","ERP113724","","ERA1737165","E-MTAB-7667:lane1_APS4_L2_HER_3_","E-MTAB-7667:APS4_L2_HER_3_p","E-MTAB-7667:APS4_L2_HER_3","E-MTAB-7667","PAIRED","Oligo-dT","TRANSCRIPTOMIC","RNA-Seq","APS4_L2_HER_3_p","Illumina HiSeq 2500","ILLUMINA","3285283600","16426418","473160","Auanema rhodensis","APS4_L2_HER_3","Illumina HiSeq 2500 paired end sequencing; RNA-seq of whole body L2 females, L2 hermaphrodites, L2 converted females (hermaphrodite-fated larvae induced to develop as females), adult males and mixed stages individuals from the three-sexed nematode Auanema rhodensis","RNA-seq of whole body L2 females, L2 hermaphrodites, L2 converted females (hermaphrodite-fated larvae induced to develop as females), adult males and mixed stages individuals from the three-sexed nematode Auanema rhodensis","Illumina HiSeq 2500 paired end sequencing; RNA-seq of whole body L2 females, L2 hermaphrodites, L2 converted females (hermaphrodite-fated larvae induced to develop as females), adult males and mixed stages individuals from the three-sexed nematode Auanema rhodensis","Protocols: Female- and hermaphrodite-fated L2 larvae were isolated by using synchronized progeny populations generated by hermaphrodite mothers. Briefly, dauers (fated to become hermaphrodites) were isolated and allowed to develop into adult hermaphrodites. After ~12 h of egg laying the mothers were removed and the early eggs laid were left to hatch and grow until the L2 stage. During the L2 stage, females and hermaphrodites are distinguishable by their size and coloring: hermaphrodites are smaller, develop slower, are thinner and darker than females. About 200 L2s of each sex were picked and transferred to an Eppendorf tube containing 200 µL of M9 buffer. The nematodes were washed 2-3 times in M9 buffer, allowing them to sink to the bottom of the tube under gravity between each wash. After the final wash, the maximum amount of M9 was removed and 200 µL of Trizol was added to the tube. The tube was placed at -80 °C immediately. For RNA extraction, nematodes were first freeze-cracked in liquid nitrogen (2-3 times). Trizol was added to make up the volume to 500 µL and nematodes were shaken with a few sterile 0.5 mm glass beads on a BeadBeater homogenizer (20 s, 3 times with 30 s intervals). Subsequently, RNA was extracted using a standard chloroform approach and the pellet was dissolved in DEPC treated water and stored at -80 °C. Illumina TruSeq RNA sample Prep kit and protocol was used to construct the mRNA-seq libraries. Briefly, the poly-A containing RNA molecules we...","c271491d156006b91ef9048f82e10c3e;7187c76d16b3083e72daa0ee1ea92b7a","1533368797;1524107861","ftp.sra.ebi.ac.uk/vol1/fastq/ERR315/002/ERR3150282/ERR3150282_1.fastq.gz;ftp.sra.ebi.ac.uk/vol1/fastq/ERR315/002/ERR3150282/ERR3150282_2.fastq.gz","ftp.sra.ebi.ac.uk/vol1/fastq/ERR315/002/ERR3150282/ERR3150282_1.fastq.gz;ftp.sra.ebi.ac.uk/vol1/fastq/ERR315/002/ERR3150282/ERR3150282_2.fastq.gz","fasp.sra.ebi.ac.uk:/vol1/fastq/ERR315/002/ERR3150282/ERR3150282_1.fastq.gz;fasp.sra.ebi.ac.uk:/vol1/fastq/ERR315/002/ERR3150282/ERR3150282_2.fastq.gz"
"ERX3179360","/lustre/scratch123/tol/projects/tol-nematodes/data/Auanema/Auanema_rhodensis/transcriptomic_data/nxAuaRhod1/rna-seq/fastq/ERX3179360_ERR3150283_1.fastq.gz","/lustre/scratch123/tol/projects/tol-nematodes/data/Auanema/Auanema_rhodensis/transcriptomic_data/nxAuaRhod1/rna-seq/fastq/ERX3179360_ERR3150283_2.fastq.gz","auto","SAMEA5332401","ERR3150283","ERX3179360","SAMEA5332401","ERS3138592","PRJEB31201","ERP113724","","ERA1737165","E-MTAB-7667:lane3_APS4_MA_1_","E-MTAB-7667:APS4_MA_1_p","E-MTAB-7667:APS4_MA_1","E-MTAB-7667","PAIRED","Oligo-dT","TRANSCRIPTOMIC","RNA-Seq","APS4_MA_1_p","Illumina HiSeq 2500","ILLUMINA","3268357000","16341785","473160","Auanema rhodensis","APS4_MA_1","Illumina HiSeq 2500 paired end sequencing; RNA-seq of whole body L2 females, L2 hermaphrodites, L2 converted females (hermaphrodite-fated larvae induced to develop as females), adult males and mixed stages individuals from the three-sexed nematode Auanema rhodensis","RNA-seq of whole body L2 females, L2 hermaphrodites, L2 converted females (hermaphrodite-fated larvae induced to develop as females), adult males and mixed stages individuals from the three-sexed nematode Auanema rhodensis","Illumina HiSeq 2500 paired end sequencing; RNA-seq of whole body L2 females, L2 hermaphrodites, L2 converted females (hermaphrodite-fated larvae induced to develop as females), adult males and mixed stages individuals from the three-sexed nematode Auanema rhodensis","Protocols: To obtain RNA from males, about 500 young adult males were picked in a 1.5 mL centrifuge tube containing 0.5 mL of M9 and washed twice with the buffer. M9 was then replaced with 0.5 mL Trizol and the tube frozen at -80 °C. For RNA extraction, nematodes were first freeze-cracked in liquid nitrogen (2-3 times). Trizol was added to make up the volume to 500 µL and nematodes were shaken with a few sterile 0.5 mm glass beads on a BeadBeater homogenizer (20 s, 3 times with 30 s intervals). Subsequently, RNA was extracted using a standard chloroform approach and the pellet was dissolved in DEPC treated water and stored at -80 °C. Illumina TruSeq RNA sample Prep kit and protocol was used to construct the mRNA-seq libraries. Briefly, the poly-A containing RNA molecules were purified using poly-T oligo-attached magnetic beads.  Following fragmentation of the mRNA, a first strand cDNA synthesis was performed using a reverse transcriptase and random primers, followed by a second strand cDNA synthesis. The cDNA fragments were then end repaired, an ‘A’ base was added, and finally the adapters were ligated. The resulting products were then purified twice and amplified by PCR to create the final cDNA library.","85c3b367355a9a57e17d79e3cef1c596;af60a28469721df1eed425b85a0543d6","1267044867;1272376160","ftp.sra.ebi.ac.uk/vol1/fastq/ERR315/003/ERR3150283/ERR3150283_1.fastq.gz;ftp.sra.ebi.ac.uk/vol1/fastq/ERR315/003/ERR3150283/ERR3150283_2.fastq.gz","ftp.sra.ebi.ac.uk/vol1/fastq/ERR315/003/ERR3150283/ERR3150283_1.fastq.gz;ftp.sra.ebi.ac.uk/vol1/fastq/ERR315/003/ERR3150283/ERR3150283_2.fastq.gz","fasp.sra.ebi.ac.uk:/vol1/fastq/ERR315/003/ERR3150283/ERR3150283_1.fastq.gz;fasp.sra.ebi.ac.uk:/vol1/fastq/ERR315/003/ERR3150283/ERR3150283_2.fastq.gz"
"ERX3179361","/lustre/scratch123/tol/projects/tol-nematodes/data/Auanema/Auanema_rhodensis/transcriptomic_data/nxAuaRhod1/rna-seq/fastq/ERX3179361_ERR3150284_1.fastq.gz","/lustre/scratch123/tol/projects/tol-nematodes/data/Auanema/Auanema_rhodensis/transcriptomic_data/nxAuaRhod1/rna-seq/fastq/ERX3179361_ERR3150284_2.fastq.gz","auto","SAMEA5332402","ERR3150284","ERX3179361","SAMEA5332402","ERS3138593","PRJEB31201","ERP113724","","ERA1737165","E-MTAB-7667:lane3_APS4_MA_2_","E-MTAB-7667:APS4_MA_2_p","E-MTAB-7667:APS4_MA_2","E-MTAB-7667","PAIRED","Oligo-dT","TRANSCRIPTOMIC","RNA-Seq","APS4_MA_2_p","Illumina HiSeq 2500","ILLUMINA","3352136400","16760682","473160","Auanema rhodensis","APS4_MA_2","Illumina HiSeq 2500 paired end sequencing; RNA-seq of whole body L2 females, L2 hermaphrodites, L2 converted females (hermaphrodite-fated larvae induced to develop as females), adult males and mixed stages individuals from the three-sexed nematode Auanema rhodensis","RNA-seq of whole body L2 females, L2 hermaphrodites, L2 converted females (hermaphrodite-fated larvae induced to develop as females), adult males and mixed stages individuals from the three-sexed nematode Auanema rhodensis","Illumina HiSeq 2500 paired end sequencing; RNA-seq of whole body L2 females, L2 hermaphrodites, L2 converted females (hermaphrodite-fated larvae induced to develop as females), adult males and mixed stages individuals from the three-sexed nematode Auanema rhodensis","Protocols: To obtain RNA from males, about 500 young adult males were picked in a 1.5 mL centrifuge tube containing 0.5 mL of M9 and washed twice with the buffer. M9 was then replaced with 0.5 mL Trizol and the tube frozen at -80 °C. For RNA extraction, nematodes were first freeze-cracked in liquid nitrogen (2-3 times). Trizol was added to make up the volume to 500 µL and nematodes were shaken with a few sterile 0.5 mm glass beads on a BeadBeater homogenizer (20 s, 3 times with 30 s intervals). Subsequently, RNA was extracted using a standard chloroform approach and the pellet was dissolved in DEPC treated water and stored at -80 °C. Illumina TruSeq RNA sample Prep kit and protocol was used to construct the mRNA-seq libraries. Briefly, the poly-A containing RNA molecules were purified using poly-T oligo-attached magnetic beads.  Following fragmentation of the mRNA, a first strand cDNA synthesis was performed using a reverse transcriptase and random primers, followed by a second strand cDNA synthesis. The cDNA fragments were then end repaired, an ‘A’ base was added, and finally the adapters were ligated. The resulting products were then purified twice and amplified by PCR to create the final cDNA library.","3571f42e3d8bc0c92a44e8ea41ed6542;bb7007e385836cf0acda2a6969da898d","1249776614;1259163277","ftp.sra.ebi.ac.uk/vol1/fastq/ERR315/004/ERR3150284/ERR3150284_1.fastq.gz;ftp.sra.ebi.ac.uk/vol1/fastq/ERR315/004/ERR3150284/ERR3150284_2.fastq.gz","ftp.sra.ebi.ac.uk/vol1/fastq/ERR315/004/ERR3150284/ERR3150284_1.fastq.gz;ftp.sra.ebi.ac.uk/vol1/fastq/ERR315/004/ERR3150284/ERR3150284_2.fastq.gz","fasp.sra.ebi.ac.uk:/vol1/fastq/ERR315/004/ERR3150284/ERR3150284_1.fastq.gz;fasp.sra.ebi.ac.uk:/vol1/fastq/ERR315/004/ERR3150284/ERR3150284_2.fastq.gz"
"ERX3179362","/lustre/scratch123/tol/projects/tol-nematodes/data/Auanema/Auanema_rhodensis/transcriptomic_data/nxAuaRhod1/rna-seq/fastq/ERX3179362_ERR3150285_1.fastq.gz","/lustre/scratch123/tol/projects/tol-nematodes/data/Auanema/Auanema_rhodensis/transcriptomic_data/nxAuaRhod1/rna-seq/fastq/ERX3179362_ERR3150285_2.fastq.gz","auto","SAMEA5332403","ERR3150285","ERX3179362","SAMEA5332403","ERS3138594","PRJEB31201","ERP113724","","ERA1737165","E-MTAB-7667:lane3_APS4_MA_3_","E-MTAB-7667:APS4_MA_3_p","E-MTAB-7667:APS4_MA_3","E-MTAB-7667","PAIRED","Oligo-dT","TRANSCRIPTOMIC","RNA-Seq","APS4_MA_3_p","Illumina HiSeq 2500","ILLUMINA","2724963800","13624819","473160","Auanema rhodensis","APS4_MA_3","Illumina HiSeq 2500 paired end sequencing; RNA-seq of whole body L2 females, L2 hermaphrodites, L2 converted females (hermaphrodite-fated larvae induced to develop as females), adult males and mixed stages individuals from the three-sexed nematode Auanema rhodensis","RNA-seq of whole body L2 females, L2 hermaphrodites, L2 converted females (hermaphrodite-fated larvae induced to develop as females), adult males and mixed stages individuals from the three-sexed nematode Auanema rhodensis","Illumina HiSeq 2500 paired end sequencing; RNA-seq of whole body L2 females, L2 hermaphrodites, L2 converted females (hermaphrodite-fated larvae induced to develop as females), adult males and mixed stages individuals from the three-sexed nematode Auanema rhodensis","Protocols: To obtain RNA from males, about 500 young adult males were picked in a 1.5 mL centrifuge tube containing 0.5 mL of M9 and washed twice with the buffer. M9 was then replaced with 0.5 mL Trizol and the tube frozen at -80 °C. For RNA extraction, nematodes were first freeze-cracked in liquid nitrogen (2-3 times). Trizol was added to make up the volume to 500 µL and nematodes were shaken with a few sterile 0.5 mm glass beads on a BeadBeater homogenizer (20 s, 3 times with 30 s intervals). Subsequently, RNA was extracted using a standard chloroform approach and the pellet was dissolved in DEPC treated water and stored at -80 °C. Illumina TruSeq RNA sample Prep kit and protocol was used to construct the mRNA-seq libraries. Briefly, the poly-A containing RNA molecules were purified using poly-T oligo-attached magnetic beads.  Following fragmentation of the mRNA, a first strand cDNA synthesis was performed using a reverse transcriptase and random primers, followed by a second strand cDNA synthesis. The cDNA fragments were then end repaired, an ‘A’ base was added, and finally the adapters were ligated. The resulting products were then purified twice and amplified by PCR to create the final cDNA library.","d7264d0a89dc823c28180b0d061e92fb;66a4015821e39fc307bc2b4c49a6f27e","1034468426;1042725057","ftp.sra.ebi.ac.uk/vol1/fastq/ERR315/005/ERR3150285/ERR3150285_1.fastq.gz;ftp.sra.ebi.ac.uk/vol1/fastq/ERR315/005/ERR3150285/ERR3150285_2.fastq.gz","ftp.sra.ebi.ac.uk/vol1/fastq/ERR315/005/ERR3150285/ERR3150285_1.fastq.gz;ftp.sra.ebi.ac.uk/vol1/fastq/ERR315/005/ERR3150285/ERR3150285_2.fastq.gz","fasp.sra.ebi.ac.uk:/vol1/fastq/ERR315/005/ERR3150285/ERR3150285_1.fastq.gz;fasp.sra.ebi.ac.uk:/vol1/fastq/ERR315/005/ERR3150285/ERR3150285_2.fastq.gz"
"ERX3179363","/lustre/scratch123/tol/projects/tol-nematodes/data/Auanema/Auanema_rhodensis/transcriptomic_data/nxAuaRhod1/rna-seq/fastq/ERX3179363_ERR3150286_1.fastq.gz","/lustre/scratch123/tol/projects/tol-nematodes/data/Auanema/Auanema_rhodensis/transcriptomic_data/nxAuaRhod1/rna-seq/fastq/ERX3179363_ERR3150286_2.fastq.gz","auto","SAMEA5332404","ERR3150286","ERX3179363","SAMEA5332404","ERS3138595","PRJEB31201","ERP113724","","ERA1737165","E-MTAB-7667:lane3_APS4_MI_1_","E-MTAB-7667:APS4_MI_1_p","E-MTAB-7667:APS4_MI_1","E-MTAB-7667","PAIRED","Oligo-dT","TRANSCRIPTOMIC","RNA-Seq","APS4_MI_1_p","Illumina HiSeq 2500","ILLUMINA","4838089400","24190447","473160","Auanema rhodensis","APS4_MI_1","Illumina HiSeq 2500 paired end sequencing; RNA-seq of whole body L2 females, L2 hermaphrodites, L2 converted females (hermaphrodite-fated larvae induced to develop as females), adult males and mixed stages individuals from the three-sexed nematode Auanema rhodensis","RNA-seq of whole body L2 females, L2 hermaphrodites, L2 converted females (hermaphrodite-fated larvae induced to develop as females), adult males and mixed stages individuals from the three-sexed nematode Auanema rhodensis","Illumina HiSeq 2500 paired end sequencing; RNA-seq of whole body L2 females, L2 hermaphrodites, L2 converted females (hermaphrodite-fated larvae induced to develop as females), adult males and mixed stages individuals from the three-sexed nematode Auanema rhodensis","Protocols: For the mixed staged nematodes, M9 was gently added to 5 culture plates (6 cm) containing a healthy population of nematodes. We avoided disturbing the bacterial lawn and naturally let the nematodes start to swim in the buffer. This method reduced bacterial contamination in the samples during harvesting. These nematodes were then collected into a centrifuge tube washed twice with M9, and then frozen using liquid nitrogen. Tissues were homogenized for 1 min using a probe homogenizer.  For RNA extraction, nematodes were first freeze-cracked in liquid nitrogen (2-3 times). Trizol was added to make up the volume to 500 µL and nematodes were shaken with a few sterile 0.5 mm glass beads on a BeadBeater homogenizer (20 s, 3 times with 30 s intervals). Subsequently, RNA was extracted using a standard chloroform approach and the pellet was dissolved in DEPC treated water and stored at -80 °C. Illumina TruSeq RNA sample Prep kit and protocol was used to construct the mRNA-seq libraries. Briefly, the poly-A containing RNA molecules were purified using poly-T oligo-attached magnetic beads.  Following fragmentation of the mRNA, a first strand cDNA synthesis was performed using a reverse transcriptase and random primers, followed by a second strand cDNA synthesis. The cDNA fragments were then end repaired, an ‘A’ base was added, and finally the adapters were ligated. The resulting products were then purified twice and amplified by PCR to create the final cDNA library.","cbcba7d915a1674f2f162dcdbf056998;915875a9002aab5b60902a58224ead65","2027041233;2030519582","ftp.sra.ebi.ac.uk/vol1/fastq/ERR315/006/ERR3150286/ERR3150286_1.fastq.gz;ftp.sra.ebi.ac.uk/vol1/fastq/ERR315/006/ERR3150286/ERR3150286_2.fastq.gz","ftp.sra.ebi.ac.uk/vol1/fastq/ERR315/006/ERR3150286/ERR3150286_1.fastq.gz;ftp.sra.ebi.ac.uk/vol1/fastq/ERR315/006/ERR3150286/ERR3150286_2.fastq.gz","fasp.sra.ebi.ac.uk:/vol1/fastq/ERR315/006/ERR3150286/ERR3150286_1.fastq.gz;fasp.sra.ebi.ac.uk:/vol1/fastq/ERR315/006/ERR3150286/ERR3150286_2.fastq.gz"
"ERX3179364","/lustre/scratch123/tol/projects/tol-nematodes/data/Auanema/Auanema_rhodensis/transcriptomic_data/nxAuaRhod1/rna-seq/fastq/ERX3179364_ERR3150287_1.fastq.gz","/lustre/scratch123/tol/projects/tol-nematodes/data/Auanema/Auanema_rhodensis/transcriptomic_data/nxAuaRhod1/rna-seq/fastq/ERX3179364_ERR3150287_2.fastq.gz","auto","SAMEA5332405","ERR3150287","ERX3179364","SAMEA5332405","ERS3138596","PRJEB31201","ERP113724","","ERA1737165","E-MTAB-7667:lane3_APS4_MI_2_","E-MTAB-7667:APS4_MI_2_p","E-MTAB-7667:APS4_MI_2","E-MTAB-7667","PAIRED","Oligo-dT","TRANSCRIPTOMIC","RNA-Seq","APS4_MI_2_p","Illumina HiSeq 2500","ILLUMINA","4450063000","22250315","473160","Auanema rhodensis","APS4_MI_2","Illumina HiSeq 2500 paired end sequencing; RNA-seq of whole body L2 females, L2 hermaphrodites, L2 converted females (hermaphrodite-fated larvae induced to develop as females), adult males and mixed stages individuals from the three-sexed nematode Auanema rhodensis","RNA-seq of whole body L2 females, L2 hermaphrodites, L2 converted females (hermaphrodite-fated larvae induced to develop as females), adult males and mixed stages individuals from the three-sexed nematode Auanema rhodensis","Illumina HiSeq 2500 paired end sequencing; RNA-seq of whole body L2 females, L2 hermaphrodites, L2 converted females (hermaphrodite-fated larvae induced to develop as females), adult males and mixed stages individuals from the three-sexed nematode Auanema rhodensis","Protocols: For the mixed staged nematodes, M9 was gently added to 5 culture plates (6 cm) containing a healthy population of nematodes. We avoided disturbing the bacterial lawn and naturally let the nematodes start to swim in the buffer. This method reduced bacterial contamination in the samples during harvesting. These nematodes were then collected into a centrifuge tube washed twice with M9, and then frozen using liquid nitrogen. Tissues were homogenized for 1 min using a probe homogenizer.  For RNA extraction, nematodes were first freeze-cracked in liquid nitrogen (2-3 times). Trizol was added to make up the volume to 500 µL and nematodes were shaken with a few sterile 0.5 mm glass beads on a BeadBeater homogenizer (20 s, 3 times with 30 s intervals). Subsequently, RNA was extracted using a standard chloroform approach and the pellet was dissolved in DEPC treated water and stored at -80 °C. Illumina TruSeq RNA sample Prep kit and protocol was used to construct the mRNA-seq libraries. Briefly, the poly-A containing RNA molecules were purified using poly-T oligo-attached magnetic beads.  Following fragmentation of the mRNA, a first strand cDNA synthesis was performed using a reverse transcriptase and random primers, followed by a second strand cDNA synthesis. The cDNA fragments were then end repaired, an ‘A’ base was added, and finally the adapters were ligated. The resulting products were then purified twice and amplified by PCR to create the final cDNA library.","4d6f20a6897c80ddf4a4ca5c07097b1f;d42dc963a56b9162d60daa8df223414f","1864702514;1869368882","ftp.sra.ebi.ac.uk/vol1/fastq/ERR315/007/ERR3150287/ERR3150287_1.fastq.gz;ftp.sra.ebi.ac.uk/vol1/fastq/ERR315/007/ERR3150287/ERR3150287_2.fastq.gz","ftp.sra.ebi.ac.uk/vol1/fastq/ERR315/007/ERR3150287/ERR3150287_1.fastq.gz;ftp.sra.ebi.ac.uk/vol1/fastq/ERR315/007/ERR3150287/ERR3150287_2.fastq.gz","fasp.sra.ebi.ac.uk:/vol1/fastq/ERR315/007/ERR3150287/ERR3150287_1.fastq.gz;fasp.sra.ebi.ac.uk:/vol1/fastq/ERR315/007/ERR3150287/ERR3150287_2.fastq.gz"
"ERX3179365","/lustre/scratch123/tol/projects/tol-nematodes/data/Auanema/Auanema_rhodensis/transcriptomic_data/nxAuaRhod1/rna-seq/fastq/ERX3179365_ERR3150288_1.fastq.gz","/lustre/scratch123/tol/projects/tol-nematodes/data/Auanema/Auanema_rhodensis/transcriptomic_data/nxAuaRhod1/rna-seq/fastq/ERX3179365_ERR3150288_2.fastq.gz","auto","SAMEA5332406","ERR3150288","ERX3179365","SAMEA5332406","ERS3138597","PRJEB31201","ERP113724","","ERA1737165","E-MTAB-7667:lane3_APS4_MI_3_","E-MTAB-7667:APS4_MI_3_p","E-MTAB-7667:APS4_MI_3","E-MTAB-7667","PAIRED","Oligo-dT","TRANSCRIPTOMIC","RNA-Seq","APS4_MI_3_p","Illumina HiSeq 2500","ILLUMINA","6743825600","33719128","473160","Auanema rhodensis","APS4_MI_3","Illumina HiSeq 2500 paired end sequencing; RNA-seq of whole body L2 females, L2 hermaphrodites, L2 converted females (hermaphrodite-fated larvae induced to develop as females), adult males and mixed stages individuals from the three-sexed nematode Auanema rhodensis","RNA-seq of whole body L2 females, L2 hermaphrodites, L2 converted females (hermaphrodite-fated larvae induced to develop as females), adult males and mixed stages individuals from the three-sexed nematode Auanema rhodensis","Illumina HiSeq 2500 paired end sequencing; RNA-seq of whole body L2 females, L2 hermaphrodites, L2 converted females (hermaphrodite-fated larvae induced to develop as females), adult males and mixed stages individuals from the three-sexed nematode Auanema rhodensis","Protocols: For the mixed staged nematodes, M9 was gently added to 5 culture plates (6 cm) containing a healthy population of nematodes. We avoided disturbing the bacterial lawn and naturally let the nematodes start to swim in the buffer. This method reduced bacterial contamination in the samples during harvesting. These nematodes were then collected into a centrifuge tube washed twice with M9, and then frozen using liquid nitrogen. Tissues were homogenized for 1 min using a probe homogenizer.  For RNA extraction, nematodes were first freeze-cracked in liquid nitrogen (2-3 times). Trizol was added to make up the volume to 500 µL and nematodes were shaken with a few sterile 0.5 mm glass beads on a BeadBeater homogenizer (20 s, 3 times with 30 s intervals). Subsequently, RNA was extracted using a standard chloroform approach and the pellet was dissolved in DEPC treated water and stored at -80 °C. Illumina TruSeq RNA sample Prep kit and protocol was used to construct the mRNA-seq libraries. Briefly, the poly-A containing RNA molecules were purified using poly-T oligo-attached magnetic beads.  Following fragmentation of the mRNA, a first strand cDNA synthesis was performed using a reverse transcriptase and random primers, followed by a second strand cDNA synthesis. The cDNA fragments were then end repaired, an ‘A’ base was added, and finally the adapters were ligated. The resulting products were then purified twice and amplified by PCR to create the final cDNA library.","6e53e73edf3b6962281c9098dddcc60b;384d84a7bcb54bc47d5ba7128bbfc89d","2821876037;2830624498","ftp.sra.ebi.ac.uk/vol1/fastq/ERR315/008/ERR3150288/ERR3150288_1.fastq.gz;ftp.sra.ebi.ac.uk/vol1/fastq/ERR315/008/ERR3150288/ERR3150288_2.fastq.gz","ftp.sra.ebi.ac.uk/vol1/fastq/ERR315/008/ERR3150288/ERR3150288_1.fastq.gz;ftp.sra.ebi.ac.uk/vol1/fastq/ERR315/008/ERR3150288/ERR3150288_2.fastq.gz","fasp.sra.ebi.ac.uk:/vol1/fastq/ERR315/008/ERR3150288/ERR3150288_1.fastq.gz;fasp.sra.ebi.ac.uk:/vol1/fastq/ERR315/008/ERR3150288/ERR3150288_2.fastq.gz"
