GCA_000143925.2	Caenorhabditis_brenneri
GCA_000147155.1	Caenorhabditis_japonica
GCA_000165025.1	Caenorhabditis_angaria
GCA_000172435.1	Meloidogyne_hapla
GCA_000180635.4	Pristionchus_pacificus
GCA_000181795.3	Trichinella_spiralis
GCA_000223415.1	Heterorhabditis_bacteriophora
GCA_000341325.1	Panagrellus_redivivus
GCA_000469685.2	Haemonchus_contortus
GCA_000499405.2	Onchocerca_volvulus
GCA_000505645.1	Steinernema_monticolum
GCA_000612645.2	Trichuris_muris
GCA_000613005.1	Trichuris_trichiura
GCA_000688135.1	Ancylostoma_ceylanicum
GCA_000757645.3	Steinernema_carpocapsae
GCA_000757745.1	Steinernema_scapterisci
GCA_000757755.1	Steinernema_glaseri
GCA_000797535.1	Trichuris_suis
GCA_000797555.1	Oesophagostomum_dentatum
GCA_000803305.1	Toxocara_canis
GCA_000816705.1	Dictyocaulus_viviparus
GCA_000816745.1	Ancylostoma_duodenale
GCA_000934875.1	Oscheius_sp._MCB
GCA_000941615.1	Parastrongyloides_trichosuri
GCA_000944355.1	Rhabditophanes_sp._KR3021
GCA_000947215.1	Strongyloides_stercoralis
GCA_000950515.2	Onchocerca_ochengi
GCA_000981365.1	Subanguina_moxae
GCA_001026735.1	Rotylenchulus_reniformis
GCA_001028725.1	Strongyloides_venezuelensis
GCA_001039655.1	Romanomermis_culicivorax
GCA_001447435.1	Trichinella_sp._T6
GCA_001447455.1	Trichinella_nelsoni
GCA_001447505.1	Trichinella_sp._T9
GCA_001447565.1	Trichinella_nativa
GCA_001447585.1	Trichinella_britovi
GCA_001447645.1	Trichinella_pseudospiralis
GCA_001447655.1	Trichinella_patagoniensis
GCA_001447665.1	Trichinella_zimbabwensis
GCA_001447745.1	Trichinella_sp._T8
GCA_001447755.1	Trichinella_papuae
GCA_001513535.1	Oscheius_sp._TEL-2014
GCA_001723225.1	Globodera_ellingtonae
GCA_002207785.1	Diploscapter_coronatus
GCA_002221485.1	Trichinella_murrelli
GCA_002249935.1	Onchocerca_flexuosa
GCA_002259215.1	Parascaris_univalens
GCA_002259235.2	Caenorhabditis_latens
GCA_002287525.1	Diploscapter_pachys
GCA_002352805.1	Teladorsagia_circumcincta
GCA_002742825.1	Caenorhabditis_nigoni
GCA_002796945.1	Plectus_sambesii
GCA_003012265.1	Setaria_equina
GCA_003052745.1	Caenorhabditis_inopinata
GCA_003336725.1	Ancylostoma_caninum
GCA_003640385.1	Setaria_digitata
GCA_003693605.1	Meloidogyne_floridensis
GCA_003693625.1	Meloidogyne_javanica
GCA_004026265.1	Rhabditida_sp._S2_005_001R2
GCA_004148225.2	Heterodera_glycines
GCA_004194705.1	Ditylenchus_dipsaci
GCA_004785735.1	Plectus_murrayi
GCA_005281725.1	Wuchereria_bancrofti
GCA_005656395.1	Strongyloides_papillosus
GCA_006503575.1	Baylisascaris_schroederi
GCA_007213375.1	Steinernema_feltiae
GCA_008729115.1	Dirofilaria_repens
GCA_009193035.1	Halicephalobus_mephisto
GCA_009724625.1	Deladenus_siricidicola
GCA_009735665.1	Angiostrongylus_cantonensis
GCA_009761265.1	Halicephalobus_sp._NKZ332
GCA_011764315.1	Trichinella_sp._17WV049-YT159
GCA_012070555.1	Brugia_pahangi
GCA_013357305.1	Radopholus_similis
GCA_013365315.1	Litomosoides_sigmodontis
GCA_013365325.1	Dipetalonema_caudispina
GCA_013365335.1	Madathamugadia_hiepei
GCA_013365365.1	Cruorifilaria_tuberocauda
GCA_013365375.1	Litomosoides_brasiliensis
GCA_013425905.1	Oscheius_tipulae
GCA_013433145.1	Ascaris_suum
GCA_013436035.1	Steinernema_diaprepesi
GCA_014132215.1	Meloidogyne_incognita
GCA_014773135.1	Meloidogyne_graminicola
GCA_014805365.1	Koerneria_luziae
GCA_014805385.1	Levipalatum_texanum
GCA_014805405.1	Bunonema_sp._RGD898
GCA_014805445.1	Diplogasteroides_magnus
GCA_015183035.1	Meloidogyne_chitwoodi
GCA_015227635.1	Ascaris_lumbricoides
GCA_016432905.1	Hoplolaimus_galeatus
GCA_016433075.1	Hoplolaimus_columbus
GCA_016648015.1	Steinernema_khuongi
GCA_016735795.1	Caenorhabditis_tropicalis
GCA_017562155.1	Meloidogyne_arenaria
GCA_018350325.1	Globodera_rostochiensis
GCA_018806985.1	Angiostrongylus_vasorum
GCA_018905775.1	Meloidogyne_exigua
GCA_019055375.1	Parelaphostrongylus_tenuis
GCA_020449905.1	Globodera_pallida
GCA_020740425.2	Heterorhabditis_indica
GCA_020875895.1	Aphelenchus_avenae
GCA_022343465.1	Oscheius_sp._G_VE-2021
GCA_022814885.1	Ditylenchus_destructor
GCA_022844705.1	Toxascaris_leonina
GCA_022845575.1	Baylisascaris_ailuri
GCA_023374025.1	Heterodera_schachtii
GCA_024305405.1	Dirofilaria_immitis
GCA_024447195.1	Panagrolaimus_sp._LJ2414
GCA_024447205.1	Panagrolaimus_sp._LJ2406
GCA_024447215.1	Panagrolaimus_sp._LJ2400
GCA_024447225.1	Panagrellus_sp._LJ2284
GCA_024447235.1	Panagrellus_sp._LJ2285
GCA_024500135.1	Heterodera_carotae
GCA_024678965.1	Bradynema_listronoti
GCA_024699845.1	Aphelenchoides_bicaudatus
GCA_024699855.1	Aphelenchoides_besseyi
GCA_024699865.1	Aphelenchoides_fujianensis
GCA_900096555.1	Heligmosomoides_bakeri
GCA_900200055.1	Nippostrongylus_brasiliensis
GCA_900406225.1	Acrobeloides_nanus
GCA_900490705.1	Pristionchus_arcanus
GCA_900490775.1	Pristionchus_maxplancki
GCA_900490825.1	Pristionchus_entomophagus
GCA_900490845.1	Pristionchus_japonicus
GCA_900490875.1	Pristionchus_mayeri
GCA_900490895.1	Pristionchus_fissidentatus
GCA_900490955.1	Micoletzkya_japonica
GCA_900536235.3	Caenorhabditis_sp._21_LS-2015
GCA_900536285.3	Caenorhabditis_sp._26_LS-2015
GCA_900536295.3	Caenorhabditis_sp._31_LS-2015
GCA_900536305.3	Caenorhabditis_sp._40_LS-2015
GCA_900536315.3	Caenorhabditis_becei
GCA_900536325.3	Caenorhabditis_sp._32_LS-2015
GCA_900536345.3	Caenorhabditis_sp._39_LS-2015
GCA_900536415.3	Caenorhabditis_sp._38_MB-2015
GCA_900537255.1	Acanthocheilonema_viteae
GCA_900576705.1	Enterobius_vermicularis
GCA_900617895.1	Haemonchus_placei
GCA_900617915.1	Gongylonema_pulchrum
GCA_900617965.1	Cylicostephanus_goldi
GCA_900617985.1	Anisakis_simplex
GCA_900618025.1	Brugia_timori
GCA_900618365.1	Thelazia_callipaeda
GCA_900618415.1	Soboliphyme_baturini
GCA_900618505.1	Heligmosomoides_polygyrus
GCA_900624965.1	Strongylus_vulgaris
GCA_900624975.1	Angiostrongylus_costaricensis
GCA_900625125.1	Dracunculus_medinensis
GCA_900631915.1	Mesorhabditis_belari
GCA_900883565.2	Caenorhabditis_panamensis
GCA_901765185.1	Panagrolaimus_sp._JU765
GCA_901765195.1	Panagrolaimus_sp._PS1159
GCA_901766145.1	Panagrolaimus_superbus
GCA_901766855.1	Panagrolaimus_sp._ES5
GCA_901779475.1	Panagrolaimus_davidi
GCA_901779485.1	Panagrolaimus_sp._PS1579
GCA_902706615.1	Meloidogyne_luci
GCA_902829315.1	Caenorhabditis_bovis
GCA_903994135.1	Meloidogyne_enterolobii
GCA_904066225.2	Bursaphelenchus_okinawaensis
GCA_904066235.2	Bursaphelenchus_xylophilus
GCA_904845305.1	Caenorhabditis_auriculariae
GCA_911812115.1	Pristionchus_exspectatus
GCA_916381525.1	Cercopithifilaria_johnstoni
GCA_932521025.1	Oscheius_onirici
GCA_932521035.1	Oscheius_dolichura
GCA_932521405.1	Oscheius_sp._JU1382
GCA_932521415.1	Oscheius_sp._DF5120
GCA_943334845.1	Auanema_sp._JU1783
GCA_943737045.1	Parapristionchus_giblindavisi
GCA_945643635.1	Allodiplogaster_sudhausi
GCF_000002985.6	Caenorhabditis_elegans
GCF_000002995.4	Brugia_malayi
GCF_000004555.2	Caenorhabditis_briggsae
GCA_010183535.1	Caenorhabditis_remanei
GCF_000181795.1	Trichinella_spiralis
GCF_000183805.2	Loa_loa
GCF_000507365.1	Necator_americanus
GCF_001040885.1	Strongyloides_ratti
